Category,#,Task Description,Min Hours,Max Hours,Notes / Assumptions
Foundation,1,"Zoho Books org connection setup (OAuth/API scopes, verify GST registration + Karnataka CGST/SGST config in Books)",3,4,"One-time setup; assumes you already have Zoho Books admin access"
Foundation,2,"Build reusable Zoho Books integration layer (Deluge/API functions: find-or-create Customer, find-or-create Vendor, create Invoice, create Bill, create Payment Made/Received)",6,8,"Shared by all three workstreams below - do this once, not per-feature"
Foundation,3,"New field: Cash_Collected on Create_Case",1,1.5,
Foundation,4,"New field: Extras (manual entry per case)",1,1.5,
Foundation,5,"New fields: TDS_Rate / TDS_Amount / GST_Payable / GST_Paid / GST_Receipt / GST_Receipt_Date",2,3,
Foundation,6,"New field: Settlement_Status (vendor-side workflow state)",1,2,
Foundation,7,"New fields: Prebill_No / Prebill_Date / Invoice_No / Invoice_Date / Accounts_Comments (client-side)",2,3,
Foundation,8,"New Client Rate Card table + Zoho Studio schema (Client, Service, Base Fee, Base Kms, Rate/Km)",3,4,"Separate from existing Rate_Master - that one is keyed by Vehicle Type/Segment/Issue, not Client"
Foundation,9,"New Vendor Rate Card table + Zoho Studio schema (Base Fee, Base Km, Km Rate, Slab Km)",3,4,"Also separate from Rate_Master - vendor payout rate, not customer quote rate"
Foundation,10,"Reconcile new Cash_Collected/Extras/Net Fee against fields already in use (Payment_Method_Final, Payment_Status, Total_Service_Fee, Remaining_Fee, Booking_Fee) so there isn't two sources of truth for the same money",2,3,"Real analysis work - flagged as a risk area"
Foundation,11,"Decide + implement: TDS%/GST% hardcoded vs a config field",2,3,"Recommend config-driven so a future rate change doesn't need a redeploy"
Foundation,12,"Documentation: FIELDS.md/ACCESS.md updates for every new field/form/report above",2,3,
Foundation,,SUBTOTAL - Foundation,28,40,
Vendor Accounting - Level 1 (Operations Approval),13,"Build Level 1 screen: read-only Case System fields (Vendor ID, Case ID, Date & Time, Case Status, Service, Vehicle, Base Fee, Travel Kms - RSR)",3,4,
Vendor Accounting - Level 1 (Operations Approval),14,"Editable fields: Vendor Round-trip KM, Extras, Comments",1,2,
Vendor Accounting - Level 1 (Operations Approval),15,"KM Fee formula - RSR branch (ROUNDUP slab logic: km rate x ROUNDUP[(actual km - base km)/slab km])",2,3,
Vendor Accounting - Level 1 (Operations Approval),16,"KM Fee formula - TOW branch (same ROUNDUP logic, driven by Vendor Roundtrip KM instead)",2,3,
Vendor Accounting - Level 1 (Operations Approval),17,"Gross Fee / Net Fee / Balance (before TDS) calculated fields",1,2,
Vendor Accounting - Level 1 (Operations Approval),18,"""Operations Approved"" action + status transition (lock record after approval)",2,3,
Vendor Accounting - Level 1 (Operations Approval),19,"List/filter view of cases pending operations approval",2,3,
Vendor Accounting - Level 1 (Operations Approval),,SUBTOTAL - Vendor Accounting Level 1,13,20,
Vendor Accounting - Level 2 (Accounts Payable),20,"Vendor ID search + vendor name lookup + date-range period picker, filtered to Status = Payable",3,4,
Vendor Accounting - Level 2 (Accounts Payable),21,"Consolidated multi-case selection UI (bulk-select several cases for one vendor in one payment run)",3,4,
Vendor Accounting - Level 2 (Accounts Payable),22,"TDS calc (Net Fee x TDS%)",1,1,
Vendor Accounting - Level 2 (Accounts Payable),23,"Final Payable calc (Net Fee - TDS - Cash Collected)",1,1,
Vendor Accounting - Level 2 (Accounts Payable),24,"Single accounts entry (Payment Date / UTR / Amount Paid) applied across all selected cases at once",4,5,"""single entry for multiple cases"" per the spec - the trickiest UI piece in this workstream"
Vendor Accounting - Level 2 (Accounts Payable),25,"Zoho Books: create Consolidated Vendor Payment Advice (Bill) + Payment Made",4,6,
Vendor Accounting - Level 2 (Accounts Payable),26,"GST payable / GST paid calc + entry (from Vendor Table where applicable)",2,3,
Vendor Accounting - Level 2 (Accounts Payable),27,"Payment_Status calculated field (PAID / PAYABLE)",1,1,
Vendor Accounting - Level 2 (Accounts Payable),28,"Vendor statement / Vendor Portal view - vendor sees their own recorded payments, filterable by period",4,6,
Vendor Accounting - Level 2 (Accounts Payable),,SUBTOTAL - Vendor Accounting Level 2,23,31,
Client Accounting - State Machine + Level 1 (Prebilling),29,"Design + build the client-billing status field spanning: Eligible for Prebill -> Prebill Draft -> Reviewed -> Sent -> Awaiting Revert -> Approved / Revert Received -> Accounts Adjustment -> Final Approved -> Invoice Created -> Sent -> Payment Pending -> Part Paid / Paid -> TDS/GST Adjustment -> Balance = 0 -> Closed",3,4,"Decide: new field, or reuse existing Status/Closure_Status - recommend a new field, this is a separate lifecycle from the ticket's own Status"
Client Accounting - State Machine + Level 1 (Prebilling),30,"Prebilling screen: Client search + period picker, showing all cases where Prebill No. is null",3,4,
Client Accounting - State Machine + Level 1 (Prebilling),31,"Prebill No. / Prebill Date manual entry fields",1,1,
Client Accounting - State Machine + Level 1 (Prebilling),32,"Prebilling case table: pull Case System fields (Date, Case ID, Vehicle No., Contact No., Service, Travel Km)",2,3,
Client Accounting - State Machine + Level 1 (Prebilling),33,"Client Rate Card lookup (Base Fee, Base Kms, Rate/Km) per client + service",2,3,
Client Accounting - State Machine + Level 1 (Prebilling),34,"Extra Kms / Extra Kms Fee formula (Travel Km - Base Kms, else 0; x Rate/Km)",1,2,
Client Accounting - State Machine + Level 1 (Prebilling),35,"Manual entry fields: Toll & Permit, Waiting Charge, Others",1,2,
Client Accounting - State Machine + Level 1 (Prebilling),36,"Taxable Amount / GST / Total Amount calculated fields",1,2,
Client Accounting - State Machine + Level 1 (Prebilling),37,"Client Charges field + Balance calc (Total Amount - Client Charges)",1,2,
Client Accounting - State Machine + Level 1 (Prebilling),38,"Google Maps roundtrip link field",1,1,
Client Accounting - State Machine + Level 1 (Prebilling),39,"""Generate Prebill"" bulk action - stamps Prebill No. + Date across every selected case at once",3,4,
Client Accounting - State Machine + Level 1 (Prebilling),40,"Zoho Books: create/sync the Prebill record",3,4,
Client Accounting - State Machine + Level 1 (Prebilling),41,"""Send to Client"" action (email the prebill)",2,3,
Client Accounting - State Machine + Level 1 (Prebilling),,SUBTOTAL - Client Accounting State Machine + Level 1,25,35,
Client Accounting - Level 2 (Invoicing),42,"Client Revert handling - Add / Delete / Correct + audit comments on approved charges",5,7,"FLAGGED: estimate assumes Accounts handles this internally on the client's behalf (email/call), not a real client-facing portal. A true client-facing revert UI adds +8-12 hrs - see note below the sheet"
Client Accounting - Level 2 (Invoicing),43,"Accounts Adjustments - ability to edit any field for amounts/kms/charges; removing the Prebill No. reopens that case for a future prebill",4,5,
Client Accounting - Level 2 (Invoicing),44,"Accounts Comments audit field (""reason for change"")",1,1,
Client Accounting - Level 2 (Invoicing),45,"Invoice No. / Invoice Date manual entry fields",1,1,
Client Accounting - Level 2 (Invoicing),46,"""Create Invoice"" bulk action - stamps Invoice No. + Date across every case carrying a Prebill No.",3,4,
Client Accounting - Level 2 (Invoicing),47,"Zoho Books: create Invoice from original values + approved adjustments, apply GST",4,5,
Client Accounting - Level 2 (Invoicing),48,"""Invoice Sent"" action + email",2,3,
Client Accounting - Level 2 (Invoicing),,SUBTOTAL - Client Accounting Level 2,20,26,
Client Accounting - Level 3 (Receipt Accounting),49,"Receipt Accounting screen: Client search + Invoice No. search, display Taxable Amount / GST / Invoice Amount / Client Charges",3,4,
Client Accounting - Level 3 (Receipt Accounting),50,"Manual entry: Receipt, Receipt Date, UTR No., TDS, GST Receipt, GST Receipt Date, Accounts Comments",2,3,
Client Accounting - Level 3 (Receipt Accounting),51,"Balance Receivable calc (Invoice Total - Receipt - TDS - GST Receipt)",1,2,
Client Accounting - Level 3 (Receipt Accounting),52,"Zoho Books: link to / reconcile against Payments Received",3,4,
Client Accounting - Level 3 (Receipt Accounting),53,"Multiple-receipt / partial-payment handling (the Part Paid state)",3,4,
Client Accounting - Level 3 (Receipt Accounting),,SUBTOTAL - Client Accounting Level 3,12,17,
On-Demand Invoicing Automation,54,"Trigger on ticket Closed/Completed (workflow or Deluge schedule/function hook)",2,3,
On-Demand Invoicing Automation,55,"Branch logic: On-Demand (final amount) vs other clients (only when Rescue Charges > 0)",2,3,
On-Demand Invoicing Automation,56,"Find-or-create Customer in Zoho Books (match by phone/email; create if missing)",3,4,
On-Demand Invoicing Automation,57,"Reverse-GST calculation (Service Charge = Total Amount x 100/118, CGST 9% + SGST 9%)",2,3,
On-Demand Invoicing Automation,58,"Round Off / Adjustment line handling (exact-to-the-paisa reconciliation)",2,3,
On-Demand Invoicing Automation,59,"Create Invoice via Zoho Books API with Place of Supply = Karnataka default",2,3,
On-Demand Invoicing Automation,60,"Email invoice to customer",1,2,
On-Demand Invoicing Automation,61,"Write Invoice Number back onto the ticket record",1,1,
On-Demand Invoicing Automation,62,"Test against the two worked examples in the spec (Rs. 2,500 and Rs. 999 cases) for exact rounding match",2,3,
On-Demand Invoicing Automation,,SUBTOTAL - On-Demand Invoicing Automation,17,25,
Invoice Template / Branding,63,"Match Zoho Books invoice PDF template to Rescue branding (logo, layout, colors)",2,3,"Reference: 2858RSA.pdf sample"
Invoice Template / Branding,64,"Footer legal/compliance fields (GST No., SAC, CIN, declaration text, amount-in-words)",1,2,
Invoice Template / Branding,65,"Test print/PDF across both the On-Demand path and the Client Invoice path",1,2,
Invoice Template / Branding,,SUBTOTAL - Invoice Template / Branding,4,7,
Cross-Cutting QA & Hardening,66,"Multi-case consolidated payment run testing (Vendor Accounting Level 2)",2,3,
Cross-Cutting QA & Hardening,67,"Partial payment / Part Paid reconciliation testing (Client Accounting Level 3)",2,3,
Cross-Cutting QA & Hardening,68,"TDS/GST rounding edge cases across both the vendor side and the client side",2,3,
Cross-Cutting QA & Hardening,69,"End-to-end regression - confirm the existing ticket flow (payment fields already built this session) still works correctly after the reconciliation in Foundation task #10",3,4,
Cross-Cutting QA & Hardening,70,"Final documentation pass: FIELDS.md / ACCESS.md / README updates for the whole accounting layer",2,3,
Cross-Cutting QA & Hardening,,SUBTOTAL - Cross-Cutting QA & Hardening,11,16,
GRAND TOTAL,,ALL WORKSTREAMS COMBINED,153,217,"~4-6 weeks of focused solo work, depending on the client-portal question below"
